Match ID,Competition Name,Match Date,Home Team,Score Home,Score Away,Away Team
300389356,Friendlies,2017-06-09T09:00:00Z,Brazil,0,1,Argentina
300397351,Friendlies,2017-06-13T12:00:00Z,Singapore,0,6,Argentina
300418912,Friendlies,2017-11-11T13:00:00Z,Russia,0,1,Argentina
300418929,Friendlies,2017-11-14T19:30:00Z,Argentina,2,4,Nigeria
300362076,FIFA World Cup 2018 Qualifiers - South America,2017-03-23T23:30:00Z,Argentina,1,0,Chile
300362077,FIFA World Cup 2018 Qualifiers - South America,2017-03-28T20:00:00Z,Bolivia,2,0,Argentina
300362096,FIFA World Cup 2018 Qualifiers - South America,2017-08-31T23:00:00Z,Uruguay,0,0,Argentina
300362086,FIFA World Cup 2018 Qualifiers - South America,2017-09-05T23:30:00Z,Argentina,1,1,Venezuela
300362079,FIFA World Cup 2018 Qualifiers - South America,2017-10-05T23:30:00Z,Argentina,0,0,Peru
300362091,FIFA World Cup 2018 Qualifiers - South America,2017-10-10T23:30:00Z,Ecuador,1,3,Argentina
300428119,Friendlies,2018-03-23T19:45:00Z,Italy,0,2,Argentina
300433386,Friendlies,2018-03-27T19:30:00Z,Spain,6,1,Argentina
300439799,Friendlies,2018-05-29T23:00:00Z,Argentina,4,0,Haiti
300334890,FIFA Confederations Cup Russia 2017,2017-06-19T15:00:00Z,Australia,2,3,Germany
300334880,FIFA Confederations Cup Russia 2017,2017-06-22T15:00:00Z,Cameroon,1,1,Australia
300334879,FIFA Confederations Cup Russia 2017,2017-06-25T18:00:00Z,Chile,1,1,Australia
300356039,FIFA World Cup 2018 Qualifiers - Asia,2017-03-23T12:00:00Z,Iraq,1,1,Australia
300356051,FIFA World Cup 2018 Qualifiers - Asia,2017-03-28T09:00:00Z,Australia,2,0,United Arab Emirates
300356045,FIFA World Cup 2018 Qualifiers - Asia,2017-06-08T10:00:00Z,Australia,3,2,Saudi Arabia
300356032,FIFA World Cup 2018 Qualifiers - Asia,2017-08-31T10:35:00Z,Japan,2,0,Australia
300356048,FIFA World Cup 2018 Qualifiers - Asia,2017-09-05T10:00:00Z,Australia,2,1,Thailand
300414772,FIFA World Cup 2018 Qualifiers - Asia,2017-10-05T12:30:00Z,Syria,1,1,Australia
300414771,FIFA World Cup 2018 Qualifiers - Asia,2017-10-10T09:00:00Z,Australia,2,1,Syria
300417807,FIFA World Cup 2018 Qualifiers - Play-off CONCACAF/AFC,2017-11-10T22:00:00Z,Honduras,0,0,Australia
300417806,FIFA World Cup 2018 Qualifiers - Play-off CONCACAF/AFC,2017-11-15T09:00:00Z,Australia,3,1,Honduras
300390697,Friendlies,2017-06-13T09:05:00Z,Australia,0,4,Brazil
300431275,Friendlies,2018-03-23T16:00:00Z,Norway,4,1,Australia
300426626,Friendlies,2018-03-27T19:00:00Z,Colombia,0,0,Australia
300332084,FIFA World Cup 2018 Qualifiers - Europe,2017-03-25T18:45:00Z,Belgium,1,1,Greece
300332079,FIFA World Cup 2018 Qualifiers - Europe,2017-06-09T18:45:00Z,Estonia,0,2,Belgium
300361582,FIFA World Cup 2018 Qualifiers - Europe,2017-08-31T18:45:00Z,Belgium,9,0,Gibraltar
300332103,FIFA World Cup 2018 Qualifiers - Europe,2017-09-03T18:45:00Z,Greece,1,2,Belgium
300332106,FIFA World Cup 2018 Qualifiers - Europe,2017-10-07T16:00:00Z,Bosnia and Herzegovina,3,4,Belgium
300332069,FIFA World Cup 2018 Qualifiers - Europe,2017-10-10T18:45:00Z,Belgium,4,0,Cyprus
300382291,Friendlies,2017-03-28T20:00:00Z,Russia,3,3,Belgium
300418466,Friendlies,2017-11-10T18:45:00Z,Belgium,3,3,Mexico
300418920,Friendlies,2017-11-14T20:45:00Z,Belgium,1,0,Japan
300433380,Friendlies,2018-03-27T18:45:00Z,Belgium,4,0,Saudi Arabia
300382307,Friendlies,2017-01-26T00:45:00Z,Brazil,1,0,Colombia
300416925,Friendlies,2017-11-10T12:00:00Z,Japan,1,3,Brazil
300418733,Friendlies,2017-11-14T19:00:00Z,England,0,0,Brazil
300362073,FIFA World Cup 2018 Qualifiers - South America,2017-03-23T23:00:00Z,Uruguay,1,4,Brazil
300362102,FIFA World Cup 2018 Qualifiers - South America,2017-03-29T00:45:00Z,Brazil,3,0,Paraguay
300362092,FIFA World Cup 2018 Qualifiers - South America,2017-09-01T00:45:00Z,Brazil,2,0,Ecuador
300362095,FIFA World Cup 2018 Qualifiers - South America,2017-09-05T20:30:00Z,Colombia,1,1,Brazil
300362074,FIFA World Cup 2018 Qualifiers - South America,2017-10-05T20:00:00Z,Bolivia,0,0,Brazil
300362088,FIFA World Cup 2018 Qualifiers - South America,2017-10-10T23:30:00Z,Brazil,3,0,Chile
300434209,Friendlies,2018-03-23T16:00:00Z,Russia,0,3,Brazil
300431740,Friendlies,2018-03-27T20:45:00Z,Germany,0,1,Brazil
300394513,Friendlies,2017-06-07T19:30:00Z,Spain,2,2,Colombia
300397820,Friendlies,2017-06-13T20:30:00Z,Cameroon,0,4,Colombia
300418476,Friendlies,2017-11-10T11:00:00Z,Korea Republic,2,1,Colombia
300418926,Friendlies,2017-11-14T11:35:00Z,China PR,0,4,Colombia
300362083,FIFA World Cup 2018 Qualifiers - South America,2017-03-23T20:30:00Z,Colombia,1,0,Bolivia
300362094,FIFA World Cup 2018 Qualifiers - South America,2017-03-28T21:00:00Z,Ecuador,0,2,Colombia
300362093,FIFA World Cup 2018 Qualifiers - South America,2017-08-31T21:00:00Z,Venezuela,0,0,Colombia
300362085,FIFA World Cup 2018 Qualifiers - South America,2017-10-05T23:30:00Z,Colombia,1,2,Paraguay
300362082,FIFA World Cup 2018 Qualifiers - South America,2017-10-10T23:30:00Z,Peru,1,1,Colombia
300430490,Friendlies,2018-03-23T19:00:00Z,France,2,3,Colombia
300418915,Friendlies,2017-11-11T20:30:00Z,Spain,5,0,Costa Rica
300418925,Friendlies,2017-11-14T18:15:00Z,Hungary,1,0,Costa Rica
300392883,CONCACAF Gold Cup 2017,2017-07-08T01:00:00Z,Honduras,0,1,Costa Rica
300392882,CONCACAF Gold Cup 2017,2017-07-11T23:30:00Z,Costa Rica,1,1,Canada
300408678,CONCACAF Gold Cup 2017,2017-07-19T22:00:00Z,Costa Rica,1,0,Panama
300409359,CONCACAF Gold Cup 2017,2017-07-23T02:00:00Z,Costa Rica,0,2,USA
300364751,"FIFA World Cup 2018 Qualifiers - North, Central America and the Caribbean",2017-03-25T01:50:00Z,Mexico,2,0,Costa Rica
300364749,"FIFA World Cup 2018 Qualifiers - North, Central America and the Caribbean",2017-03-28T21:00:00Z,Honduras,1,1,Costa Rica
300364762,"FIFA World Cup 2018 Qualifiers - North, Central America and the Caribbean",2017-06-09T02:00:00Z,Costa Rica,0,0,Panama
300364753,"FIFA World Cup 2018 Qualifiers - North, Central America and the Caribbean",2017-06-14T02:00:00Z,Costa Rica,2,1,Trinidad and Tobago
300364758,"FIFA World Cup 2018 Qualifiers - North, Central America and the Caribbean",2017-09-01T22:55:00Z,USA,0,2,Costa Rica
300364759,"FIFA World Cup 2018 Qualifiers - North, Central America and the Caribbean",2017-09-06T02:05:00Z,Costa Rica,1,1,Mexico
300364761,"FIFA World Cup 2018 Qualifiers - North, Central America and the Caribbean",2017-10-07T22:00:00Z,Costa Rica,1,1,Honduras
300364765,"FIFA World Cup 2018 Qualifiers - North, Central America and the Caribbean",2017-10-11T00:00:00Z,Panama,2,1,Costa Rica
300430489,Friendlies,2018-03-23T18:45:00Z,Scotland,0,1,Costa Rica
300431278,Friendlies,2018-03-27T20:00:00Z,Tunisia,1,0,Costa Rica
300332123,FIFA World Cup 2018 Qualifiers - Europe,2017-03-24T19:45:00Z,Croatia,1,0,Ukraine
300332114,FIFA World Cup 2018 Qualifiers - Europe,2017-06-11T18:45:00Z,Iceland,1,0,Croatia
300361569,FIFA World Cup 2018 Qualifiers - Europe,2017-09-03T13:30:00Z,Croatia,1,0,Kosovo
300332110,FIFA World Cup 2018 Qualifiers - Europe,2017-09-05T18:45:00Z,Turkey,1,0,Croatia
300332117,FIFA World Cup 2018 Qualifiers - Europe,2017-10-06T18:45:00Z,Croatia,1,1,Finland
300332111,FIFA World Cup 2018 Qualifiers - Europe,2017-10-09T18:45:00Z,Ukraine,0,2,Croatia
300417852,FIFA World Cup 2018 Qualifiers - Europe,2017-11-09T19:45:00Z,Croatia,4,1,Greece
300417851,FIFA World Cup 2018 Qualifiers - Europe,2017-11-12T19:45:00Z,Greece,0,0,Croatia
300380837,Friendlies,2017-01-11T11:35:00Z,Chile,1,1,Croatia
300384361,Friendlies,2017-01-14T07:35:00Z,China PR,1,1,Croatia
300385709,Friendlies,2017-03-28T16:00:00Z,Estonia,3,0,Croatia
300392002,Friendlies,2017-05-27T16:30:00Z,Mexico,1,2,Croatia
300433367,Friendlies,2018-03-23T20:00:00Z,Peru,2,0,Croatia
300433394,Friendlies,2018-03-28T01:30:00Z,Mexico,0,1,Croatia
300398056,Friendlies,2017-06-06T20:45:00Z,Denmark,1,1,Germany
300332041,FIFA World Cup 2018 Qualifiers - Europe,2017-03-26T18:45:00Z,Romania,0,0,Denmark
300332015,FIFA World Cup 2018 Qualifiers - Europe,2017-06-10T16:00:00Z,Kazakhstan,1,3,Denmark
300332016,FIFA World Cup 2018 Qualifiers - Europe,2017-09-01T19:45:00Z,Denmark,4,0,Poland
300332042,FIFA World Cup 2018 Qualifiers - Europe,2017-09-04T16:00:00Z,Armenia,1,4,Denmark
300332037,FIFA World Cup 2018 Qualifiers - Europe,2017-10-05T18:45:00Z,Montenegro,0,1,Denmark
300332027,FIFA World Cup 2018 Qualifiers - Europe,2017-10-08T17:00:00Z,Denmark,1,1,Romania
300417853,FIFA World Cup 2018 Qualifiers - Europe,2017-11-11T19:45:00Z,Denmark,0,0,Republic of Ireland
300417849,FIFA World Cup 2018 Qualifiers - Europe,2017-11-14T18:45:00Z,Republic of Ireland,1,5,Denmark
300433362,Friendlies,2018-03-22T20:00:00Z,Denmark,1,0,Panama
300433390,Friendlies,2018-03-27T20:00:00Z,Denmark,0,0,Chile
300379275,Friendlies,2017-01-08T17:00:00Z,Egypt,1,0,Tunisia
300392701,Friendlies,2017-03-28T16:00:00Z,Egypt,3,0,Togo
300388301,Friendlies,2017-08-13T19:00:00Z,Egypt,1,1,Morocco
300411260,Friendlies,2017-08-18T20:00:00Z,Morocco,3,1,Egypt
300367138,FIFA World Cup 2018 Qualifiers - Africa,2017-08-31T13:00:00Z,Uganda,1,0,Egypt
300367147,FIFA World Cup 2018 Qualifiers - Africa,2017-09-05T18:00:00Z,Egypt,1,0,Uganda
300367148,FIFA World Cup 2018 Qualifiers - Africa,2017-10-08T17:00:00Z,Egypt,2,1,Congo
300367137,FIFA World Cup 2018 Qualifiers - Africa,2017-11-12T15:30:00Z,Ghana,1,1,Egypt
300377383,Africa Cup of Nations 2017,2017-01-17T19:00:00Z,Mali,0,0,Egypt
300377384,Africa Cup of Nations 2017,2017-01-21T19:00:00Z,Egypt,1,0,Uganda
300377382,Africa Cup of Nations 2017,2017-01-25T19:00:00Z,Egypt,1,0,Ghana
300386873,Africa Cup of Nations 2017,2017-01-29T19:00:00Z,Egypt,1,0,Morocco
300387085,Africa Cup of Nations 2017,2017-02-01T19:00:00Z,Burkina Faso,1,1,Egypt
300387794,Africa Cup of Nations 2017,2017-02-05T19:00:00Z,Egypt,1,2,Cameroon
300433373,Friendlies,2018-03-23T19:45:00Z,Portugal,2,1,Egypt
300433392,Friendlies,2018-03-27T20:00:00Z,Greece,1,0,Egypt
300377322,Friendlies,2017-03-22T20:45:00Z,Germany,1,0,England
300377317,Friendlies,2017-06-13T19:00:00Z,France,3,2,England
300418734,Friendlies,2017-11-10T19:00:00Z,England,0,0,Germany
300332026,FIFA World Cup 2018 Qualifiers - Europe,2017-03-26T16:00:00Z,England,2,0,Lithuania
300332044,FIFA World Cup 2018 Qualifiers - Europe,2017-06-10T16:00:00Z,Scotland,2,2,England
300332051,FIFA World Cup 2018 Qualifiers - Europe,2017-09-01T18:45:00Z,Malta,0,4,England
300332050,FIFA World Cup 2018 Qualifiers - Europe,2017-09-04T18:45:00Z,England,2,1,Slovakia
300332047,FIFA World Cup 2018 Qualifiers - Europe,2017-10-05T18:45:00Z,England,1,0,Slovenia
300332021,FIFA World Cup 2018 Qualifiers - Europe,2017-10-08T16:00:00Z,Lithuania,0,1,England
300431274,Friendlies,2018-03-23T18:45:00Z,Netherlands,0,1,England
300434751,Friendlies,2018-03-27T19:00:00Z,England,1,1,Italy
300380774,Friendlies,2017-03-28T19:00:00Z,France,0,2,Spain
300398789,Friendlies,2017-06-02T21:00:00Z,France,5,0,Paraguay
300418472,Friendlies,2017-11-10T18:00:00Z,France,2,0,Wales
300418921,Friendlies,2017-11-14T20:45:00Z,Germany,2,2,France
300331890,FIFA World Cup 2018 Qualifiers - Europe,2017-03-25T18:45:00Z,Luxembourg,1,3,France
300331898,FIFA World Cup 2018 Qualifiers - Europe,2017-06-09T19:45:00Z,Sweden,2,1,France
300331903,FIFA World Cup 2018 Qualifiers - Europe,2017-08-31T18:45:00Z,France,4,0,Netherlands
300331888,FIFA World Cup 2018 Qualifiers - Europe,2017-09-03T18:45:00Z,France,0,0,Luxembourg
300331882,FIFA World Cup 2018 Qualifiers - Europe,2017-10-07T18:45:00Z,Bulgaria,0,1,France
300331904,FIFA World Cup 2018 Qualifiers - Europe,2017-10-10T18:45:00Z,France,2,1,Belarus
300433388,Friendlies,2018-03-27T18:50:00Z,Russia,1,3,France
300439240,Friendlies,2018-05-28T19:00:00Z,France,2,0,Republic of Ireland
300334884,FIFA Confederations Cup Russia 2017,2017-06-22T18:00:00Z,Germany,1,1,Chile
300334889,FIFA Confederations Cup Russia 2017,2017-06-25T15:00:00Z,Germany,3,1,Cameroon
300334891,FIFA Confederations Cup Russia 2017,2017-06-29T18:00:00Z,Germany,4,1,Mexico
300334881,FIFA Confederations Cup Russia 2017,2017-07-02T18:00:00Z,Chile,0,1,Germany
300331950,FIFA World Cup 2018 Qualifiers - Europe,2017-03-26T16:00:00Z,Azerbaijan,1,4,Germany
300331958,FIFA World Cup 2018 Qualifiers - Europe,2017-06-10T18:45:00Z,Germany,7,0,San Marino
300331993,FIFA World Cup 2018 Qualifiers - Europe,2017-09-01T18:45:00Z,Czech Republic,1,2,Germany
300331953,FIFA World Cup 2018 Qualifiers - Europe,2017-09-04T18:45:00Z,Germany,6,0,Norway
300331984,FIFA World Cup 2018 Qualifiers - Europe,2017-10-05T19:45:00Z,Northern Ireland,1,3,Germany
300332007,FIFA World Cup 2018 Qualifiers - Europe,2017-10-08T18:45:00Z,Germany,5,1,Azerbaijan
300433369,Friendlies,2018-03-23T19:45:00Z,Germany,1,1,Spain
300361572,FIFA World Cup 2018 Qualifiers - Europe,2017-03-24T19:45:00Z,Kosovo,1,2,Iceland
300332108,FIFA World Cup 2018 Qualifiers - Europe,2017-09-02T16:00:00Z,Finland,1,0,Iceland
300332122,FIFA World Cup 2018 Qualifiers - Europe,2017-09-05T18:45:00Z,Iceland,2,0,Ukraine
300332109,FIFA World Cup 2018 Qualifiers - Europe,2017-10-06T18:45:00Z,Turkey,0,3,Iceland
300361573,FIFA World Cup 2018 Qualifiers - Europe,2017-10-09T18:45:00Z,Iceland,2,0,Kosovo
300380838,Friendlies,2017-01-10T20:00:00Z,China PR,0,2,Iceland
300384362,Friendlies,2017-01-15T07:35:00Z,Iceland,0,1,Chile
300378584,Friendlies,2017-02-08T21:06:00Z,Mexico,1,0,Iceland
300377424,Friendlies,2017-03-28T19:45:00Z,Republic of Ireland,0,1,Iceland
300418478,Friendlies,2017-11-08T14:45:00Z,Iceland,1,2,Czech Republic
300418474,Friendlies,2017-11-14T16:30:00Z,Qatar,1,1,Iceland
300431736,Friendlies,2018-03-24T02:00:00Z,Iceland,0,3,Mexico
300434094,Friendlies,2018-03-28T00:00:00Z,Peru,3,1,Iceland
300392250,Friendlies,2017-03-18T06:30:00Z,Iran,0,1,Iraq
300398122,Friendlies,2017-06-04T18:30:00Z,Montenegro,1,2,Iran
300416927,Friendlies,2017-10-05T13:45:00Z,Iran,2,0,Togo
300416919,Friendlies,2017-10-10T19:00:00Z,Russia,1,1,Iran
300418479,Friendlies,2017-11-09T19:30:00Z,Iran,2,1,Panama
300418919,Friendlies,2017-11-13T14:00:00Z,Venezuela,0,1,Iran
300356012,FIFA World Cup 2018 Qualifiers - Asia,2017-03-23T16:00:00Z,Qatar,0,1,Iran
300356011,FIFA World Cup 2018 Qualifiers - Asia,2017-03-28T12:00:00Z,Iran,1,0,China PR
300356008,FIFA World Cup 2018 Qualifiers - Asia,2017-06-12T16:45:00Z,Iran,2,0,Uzbekistan
300356016,FIFA World Cup 2018 Qualifiers - Asia,2017-08-31T12:00:00Z,Korea Republic,0,0,Iran
300356025,FIFA World Cup 2018 Qualifiers - Asia,2017-09-05T15:00:00Z,Iran,2,2,Syria
300434203,Friendlies,2018-03-17T11:00:00Z,Iran,4,0,Sierra Leone
300434080,Friendlies,2018-03-23T18:15:00Z,Tunisia,1,0,Iran
300431739,Friendlies,2018-03-27T18:00:00Z,Algeria,1,2,Iran
300439239,Friendlies,2018-05-19T16:15:00Z,Iran,1,0,Uzbekistan
300439719,Friendlies,2018-05-28T21:15:00Z,Turkey,2,1,Iran
300394032,Friendlies,2017-06-07T10:25:00Z,Japan,1,1,Syria
300416316,Friendlies,2017-10-06T10:20:00Z,Japan,2,1,New Zealand
300416315,Friendlies,2017-10-10T10:30:00Z,Japan,3,3,Haiti
300415202,Friendlies,2017-12-09T10:15:00Z,Japan,1,0,Korea DPR
300415205,Friendlies,2017-12-12T10:15:00Z,Japan,2,1,China PR
300415203,Friendlies,2017-12-16T10:15:00Z,Japan,1,4,Korea Republic
300356035,FIFA World Cup 2018 Qualifiers - Asia,2017-03-23T15:30:00Z,United Arab Emirates,0,2,Japan
300356034,FIFA World Cup 2018 Qualifiers - Asia,2017-03-28T10:35:00Z,Japan,4,0,Thailand
300356030,FIFA World Cup 2018 Qualifiers - Asia,2017-06-13T12:25:00Z,Iraq,1,1,Japan
300356049,FIFA World Cup 2018 Qualifiers - Asia,2017-09-05T17:30:00Z,Saudi Arabia,1,0,Japan
300433377,Friendlies,2018-03-23T11:20:00Z,Japan,1,1,Mali
300433389,Friendlies,2018-03-27T12:20:00Z,Japan,1,2,Ukraine
300439241,Friendlies,2018-05-30T10:25:00Z,Japan,0,2,Ghana
300356002,FIFA World Cup 2018 Qualifiers - Asia,2017-03-23T11:35:00Z,China PR,1,0,Korea Republic
300356003,FIFA World Cup 2018 Qualifiers - Asia,2017-03-28T11:00:00Z,Korea Republic,1,0,Syria
300355998,FIFA World Cup 2018 Qualifiers - Asia,2017-06-13T19:00:00Z,Qatar,3,2,Korea Republic
300355997,FIFA World Cup 2018 Qualifiers - Asia,2017-09-05T15:00:00Z,Uzbekistan,0,0,Korea Republic
300395234,Friendlies,2017-06-07T17:00:00Z,Iraq,0,0,Korea Republic
300416920,Friendlies,2017-10-07T14:00:00Z,Russia,4,2,Korea Republic
300416926,Friendlies,2017-10-10T13:30:00Z,Korea Republic,1,3,Morocco
300418475,Friendlies,2017-11-14T11:00:00Z,Korea Republic,1,1,Serbia
300415207,Friendlies,2017-12-09T07:30:00Z,Korea Republic,2,2,China PR
300415201,Friendlies,2017-12-12T07:30:00Z,Korea DPR,0,1,Korea Republic
300425323,Friendlies,2018-01-27T15:00:00Z,Moldova,0,1,Korea Republic
300425324,Friendlies,2018-01-30T11:00:00Z,Jamaica,2,2,Korea Republic
300425320,Friendlies,2018-02-03T14:30:00Z,Latvia,0,1,Korea Republic
300430488,Friendlies,2018-03-24T14:00:00Z,Northern Ireland,2,1,Korea Republic
300426624,Friendlies,2018-03-27T20:45:00Z,Poland,3,2,Korea Republic
300439720,Friendlies,2018-05-28T11:00:00Z,Korea Republic,2,0,Honduras
300392001,Friendlies,2017-06-01T20:00:00Z,Mexico,3,1,Republic of Ireland
300394516,Friendlies,2017-06-28T19:30:00Z,Mexico,1,0,Ghana
300403044,Friendlies,2017-07-01T17:00:00Z,Mexico,2,1,Paraguay
300418481,Friendlies,2017-11-13T19:45:00Z,Poland,0,1,Mexico
300334878,FIFA Confederations Cup Russia 2017,2017-06-18T15:00:00Z,Portugal,2,2,Mexico
300334876,FIFA Confederations Cup Russia 2017,2017-06-21T18:00:00Z,Mexico,2,1,New Zealand
300334888,FIFA Confederations Cup Russia 2017,2017-06-24T14:00:00Z,Mexico,2,1,Russia
300334886,FIFA Confederations Cup Russia 2017,2017-07-02T15:00:00Z,Portugal,2,1,Mexico
300392896,CONCACAF Gold Cup 2017,2017-07-10T01:00:00Z,Mexico,3,1,El Salvador
300392890,CONCACAF Gold Cup 2017,2017-07-14T02:00:00Z,Mexico,0,0,Jamaica
300392889,CONCACAF Gold Cup 2017,2017-07-17T00:00:00Z,Curacao,0,2,Mexico
300408681,CONCACAF Gold Cup 2017,2017-07-20T23:30:00Z,Mexico,1,0,Honduras
300409316,CONCACAF Gold Cup 2017,2017-07-24T01:00:00Z,Mexico,0,1,Jamaica
300364748,"FIFA World Cup 2018 Qualifiers - North, Central America and the Caribbean",2017-03-28T23:00:00Z,Trinidad and Tobago,0,1,Mexico
300364754,"FIFA World Cup 2018 Qualifiers - North, Central America and the Caribbean",2017-06-09T03:00:00Z,Mexico,3,0,Honduras
300364766,"FIFA World Cup 2018 Qualifiers - North, Central America and the Caribbean",2017-06-12T01:30:00Z,Mexico,1,1,USA
300364760,"FIFA World Cup 2018 Qualifiers - North, Central America and the Caribbean",2017-09-02T02:30:00Z,Mexico,1,0,Panama
300364770,"FIFA World Cup 2018 Qualifiers - North, Central America and the Caribbean",2017-10-07T01:40:00Z,Mexico,3,1,Trinidad and Tobago
300364764,"FIFA World Cup 2018 Qualifiers - North, Central America and the Caribbean",2017-10-11T00:00:00Z,Honduras,3,2,Mexico
300424745,Friendlies,2018-02-01T01:00:00Z,Mexico,1,0,Bosnia and Herzegovina
300439790,Friendlies,2018-05-28T17:30:00Z,Mexico,0,0,Wales
300389060,Friendlies,2017-03-24T19:00:00Z,Morocco,2,0,Burkina Faso
300389058,Friendlies,2017-03-28T19:00:00Z,Morocco,1,0,Tunisia
300392090,Friendlies,2017-05-31T17:30:00Z,Morocco,1,2,Netherlands
300367125,FIFA World Cup 2018 Qualifiers - Africa,2017-09-01T20:00:00Z,Morocco,6,0,Mali
300367121,FIFA World Cup 2018 Qualifiers - Africa,2017-09-05T19:00:00Z,Mali,0,0,Morocco
300367119,FIFA World Cup 2018 Qualifiers - Africa,2017-10-07T19:00:00Z,Morocco,3,0,Gabon
300367120,FIFA World Cup 2018 Qualifiers - Africa,2017-11-11T17:30:00Z,Côte d'Ivoire,0,2,Morocco
300377375,Africa Cup of Nations 2017,2017-01-16T19:00:00Z,Congo DR,1,0,Morocco
300377368,Africa Cup of Nations 2017,2017-01-20T19:00:00Z,Morocco,3,1,Togo
300377372,Africa Cup of Nations 2017,2017-01-24T19:00:00Z,Morocco,1,0,Côte d'Ivoire
300419773,Friendlies,2018-01-13T18:30:00Z,Morocco,4,0,Mauritania
300419778,Friendlies,2018-01-17T15:30:00Z,Morocco,3,1,Guinea
300419777,Friendlies,2018-01-21T18:00:00Z,Morocco,0,0,Sudan
300425137,Friendlies,2018-01-27T15:30:00Z,Morocco,2,0,Namibia
300426497,Friendlies,2018-01-31T15:30:00Z,Morocco,3,1,Libya
300427736,Friendlies,2018-02-04T18:00:00Z,Morocco,4,0,Nigeria
300430498,Friendlies,2018-03-23T18:30:00Z,Serbia,1,2,Morocco
300423250,Friendlies,2018-03-27T19:00:00Z,Morocco,2,0,Uzbekistan
300391955,Friendlies,2017-03-23T19:00:00Z,Nigeria,1,1,Senegal
300409525,Friendlies,2017-08-13T15:00:00Z,Benin,1,0,Nigeria
300389380,Friendlies,2017-08-19T15:00:00Z,Nigeria,2,0,Benin
300367104,FIFA World Cup 2018 Qualifiers - Africa,2017-09-01T16:00:00Z,Nigeria,4,0,Cameroon
300367098,FIFA World Cup 2018 Qualifiers - Africa,2017-09-04T17:00:00Z,Cameroon,1,1,Nigeria
300367094,FIFA World Cup 2018 Qualifiers - Africa,2017-10-07T16:00:00Z,Nigeria,1,0,Zambia
300419791,Friendlies,2018-01-15T19:30:00Z,Nigeria,0,0,Rwanda
300419792,Friendlies,2018-01-19T16:30:00Z,Libya,0,1,Nigeria
300419794,Friendlies,2018-01-23T19:00:00Z,Equatorial Guinea,1,3,Nigeria
300425791,Friendlies,2018-01-28T16:30:00Z,Nigeria,2,1,Angola
300426496,Friendlies,2018-01-31T19:30:00Z,Sudan,0,1,Nigeria
300424748,Friendlies,2018-03-23T19:45:00Z,Poland,0,1,Nigeria
300430493,Friendlies,2018-03-27T20:00:00Z,Nigeria,0,2,Serbia
300439789,Friendlies,2018-05-28T20:00:00Z,Nigeria,1,1,Congo DR
300416924,Friendlies,2017-10-24T19:00:00Z,Grenada,0,5,Panama
300418931,Friendlies,2017-11-14T18:45:00Z,Wales,1,1,Panama
300392894,CONCACAF Gold Cup 2017,2017-07-08T20:30:00Z,USA,1,1,Panama
300392891,CONCACAF Gold Cup 2017,2017-07-12T22:30:00Z,Panama,2,1,Nicaragua
300364750,"FIFA World Cup 2018 Qualifiers - North, Central America and the Caribbean",2017-03-24T23:00:00Z,Trinidad and Tobago,1,0,Panama
300364752,"FIFA World Cup 2018 Qualifiers - North, Central America and the Caribbean",2017-03-29T02:05:00Z,Panama,1,1,USA
300364757,"FIFA World Cup 2018 Qualifiers - North, Central America and the Caribbean",2017-06-14T01:35:00Z,Panama,2,2,Honduras
300364756,"FIFA World Cup 2018 Qualifiers - North, Central America and the Caribbean",2017-09-06T02:05:00Z,Panama,3,0,Trinidad and Tobago
300364763,"FIFA World Cup 2018 Qualifiers - North, Central America and the Caribbean",2017-10-06T23:35:00Z,USA,4,0,Panama
300433379,Friendlies,2018-03-27T18:00:00Z,Switzerland,6,0,Panama
300437741,Friendlies,2018-04-17T23:30:00Z,Trinidad and Tobago,0,1,Panama
300439351,Friendlies,2018-05-30T01:00:00Z,Panama,0,0,Northern Ireland
300396029,Friendlies,2017-06-08T17:30:00Z,Peru,1,0,Paraguay
300397360,Friendlies,2017-06-13T19:30:00Z,Peru,3,1,Jamaica
300362075,FIFA World Cup 2018 Qualifiers - South America,2017-03-23T23:30:00Z,Venezuela,2,2,Peru
300362081,FIFA World Cup 2018 Qualifiers - South America,2017-03-29T02:15:00Z,Peru,2,1,Uruguay
300362099,FIFA World Cup 2018 Qualifiers - South America,2017-09-01T02:15:00Z,Peru,2,1,Bolivia
300362089,FIFA World Cup 2018 Qualifiers - South America,2017-09-05T21:00:00Z,Ecuador,1,2,Peru
300439801,Friendlies,2018-05-30T01:00:00Z,Peru,2,0,Scotland
300418483,Friendlies,2017-11-10T18:45:00Z,Poland,0,0,Uruguay
300332033,FIFA World Cup 2018 Qualifiers - Europe,2017-03-26T18:45:00Z,Montenegro,1,2,Poland
300332012,FIFA World Cup 2018 Qualifiers - Europe,2017-06-10T18:45:00Z,Poland,3,1,Romania
300332011,FIFA World Cup 2018 Qualifiers - Europe,2017-09-04T18:45:00Z,Poland,3,0,Kazakhstan
300332034,FIFA World Cup 2018 Qualifiers - Europe,2017-10-05T16:00:00Z,Armenia,1,6,Poland
300332017,FIFA World Cup 2018 Qualifiers - Europe,2017-10-08T16:00:00Z,Poland,4,2,Montenegro
300385699,Friendlies,2017-03-28T19:45:00Z,Portugal,2,3,Sweden
300395985,Friendlies,2017-06-03T16:00:00Z,Portugal,4,0,Cyprus
300418482,Friendlies,2017-11-10T19:45:00Z,Portugal,3,0,Saudi Arabia
300418484,Friendlies,2017-11-14T18:45:00Z,Portugal,1,1,USA
300334877,FIFA Confederations Cup Russia 2017,2017-06-21T18:00:00Z,Russia,0,1,Portugal
300334887,FIFA Confederations Cup Russia 2017,2017-06-24T15:00:00Z,New Zealand,0,4,Portugal
300334882,FIFA Confederations Cup Russia 2017,2017-06-28T18:00:00Z,Portugal,0,0,Chile
300331935,FIFA World Cup 2018 Qualifiers - Europe,2017-03-25T18:45:00Z,Portugal,3,0,Hungary
300331941,FIFA World Cup 2018 Qualifiers - Europe,2017-06-09T18:45:00Z,Latvia,0,3,Portugal
300331932,FIFA World Cup 2018 Qualifiers - Europe,2017-08-31T18:45:00Z,Portugal,5,1,Faroe Islands
300331923,FIFA World Cup 2018 Qualifiers - Europe,2017-09-03T18:45:00Z,Hungary,0,1,Portugal
300331921,FIFA World Cup 2018 Qualifiers - Europe,2017-10-07T18:45:00Z,Andorra,0,2,Portugal
300331917,FIFA World Cup 2018 Qualifiers - Europe,2017-10-10T18:45:00Z,Portugal,2,0,Switzerland
300433378,Friendlies,2018-03-26T19:45:00Z,Netherlands,3,0,Portugal
300438094,Friendlies,2018-05-28T21:00:00Z,Portugal,2,2,Tunisia
300388754,Friendlies,2017-03-24T16:00:00Z,Russia,0,2,Côte d'Ivoire
300392981,Friendlies,2017-06-05T19:30:00Z,Hungary,0,3,Russia
300393701,Friendlies,2017-06-09T15:00:00Z,Russia,1,1,Chile
300418930,Friendlies,2017-11-14T21:45:00Z,Russia,3,3,Spain
300334883,FIFA Confederations Cup Russia 2017,2017-06-17T15:00:00Z,Russia,2,0,New Zealand
300439800,Friendlies,2018-05-30T20:45:00Z,Austria,1,0,Russia
300356029,FIFA World Cup 2018 Qualifiers - Asia,2017-03-23T12:00:00Z,Thailand,0,3,Saudi Arabia
300356046,FIFA World Cup 2018 Qualifiers - Asia,2017-03-28T17:30:00Z,Saudi Arabia,1,0,Iraq
300356031,FIFA World Cup 2018 Qualifiers - Asia,2017-08-29T16:30:00Z,United Arab Emirates,2,1,Saudi Arabia
300381043,Friendlies,2017-01-10T12:00:00Z,Saudi Arabia,0,0,Slovenia
300381044,Friendlies,2017-01-14T15:00:00Z,Cambodia,2,7,Saudi Arabia
300418917,Friendlies,2017-11-13T16:00:00Z,Bulgaria,1,0,Saudi Arabia
300421342,Friendlies,2017-12-22T18:30:00Z,Kuwait,1,2,Saudi Arabia
300421339,Friendlies,2017-12-25T17:30:00Z,United Arab Emirates,0,0,Saudi Arabia
300421337,Friendlies,2017-12-28T15:30:00Z,Saudi Arabia,0,2,Oman
300430496,Friendlies,2018-02-26T16:30:00Z,Saudi Arabia,3,0,Moldova
300429877,Friendlies,2018-02-28T19:00:00Z,Iraq,4,1,Saudi Arabia
300434076,Friendlies,2018-03-23T19:00:00Z,Ukraine,1,1,Saudi Arabia
300439349,Friendlies,2018-05-09T19:30:00Z,Algeria,0,2,Saudi Arabia
300439354,Friendlies,2018-05-15T20:30:00Z,Saudi Arabia,2,0,Greece
300439686,Friendlies,2018-05-28T18:45:00Z,Italy,2,1,Saudi Arabia
300385176,Friendlies,2017-01-08T13:00:00Z,Libya,1,2,Senegal
300381045,Friendlies,2017-01-11T14:30:00Z,Congo,0,2,Senegal
300389372,Friendlies,2017-07-15T16:30:00Z,Sierra Leone,1,1,Senegal
300389384,Friendlies,2017-07-22T17:00:00Z,Senegal,3,1,Sierra Leone
300409538,Friendlies,2017-08-15T17:00:00Z,Senegal,3,1,Guinea
300409528,Friendlies,2017-08-23T16:00:00Z,Guinea,5,0,Senegal
300367140,FIFA World Cup 2018 Qualifiers - Africa,2017-09-02T20:00:00Z,Senegal,0,0,Burkina Faso
300367134,FIFA World Cup 2018 Qualifiers - Africa,2017-09-05T18:00:00Z,Burkina Faso,2,2,Senegal
300367128,FIFA World Cup 2018 Qualifiers - Africa,2017-10-07T17:30:00Z,Cape Verde Islands,0,2,Senegal
300416936,FIFA World Cup 2018 Qualifiers - Africa,2017-11-10T17:05:00Z,South Africa,0,2,Senegal
300367132,FIFA World Cup 2018 Qualifiers - Africa,2017-11-14T19:30:00Z,Senegal,2,1,South Africa
300377376,Africa Cup of Nations 2017,2017-01-15T19:00:00Z,Tunisia,0,2,Senegal
300377379,Africa Cup of Nations 2017,2017-01-19T19:00:00Z,Senegal,2,0,Zimbabwe
300377377,Africa Cup of Nations 2017,2017-01-23T19:00:00Z,Senegal,2,2,Algeria
300385911,Africa Cup of Nations 2017,2017-01-28T19:00:00Z,Senegal,0,0,Cameroon
300434077,Friendlies,2018-03-23T16:00:00Z,Senegal,1,1,Uzbekistan
300434090,Friendlies,2018-03-27T20:00:00Z,Senegal,0,0,Bosnia and Herzegovina
300331994,FIFA World Cup 2018 Qualifiers - Europe,2017-03-24T17:00:00Z,Georgia,1,3,Serbia
300331980,FIFA World Cup 2018 Qualifiers - Europe,2017-06-11T19:45:00Z,Serbia,1,1,Wales
300331977,FIFA World Cup 2018 Qualifiers - Europe,2017-09-02T17:00:00Z,Serbia,3,0,Moldova
300331995,FIFA World Cup 2018 Qualifiers - Europe,2017-09-05T18:45:00Z,Republic of Ireland,0,1,Serbia
300332002,FIFA World Cup 2018 Qualifiers - Europe,2017-10-06T18:45:00Z,Austria,3,2,Serbia
300332004,FIFA World Cup 2018 Qualifiers - Europe,2017-10-09T19:45:00Z,Serbia,1,0,Georgia
300380817,Friendlies,2017-01-29T20:00:00Z,USA,0,0,Serbia
300418907,Friendlies,2017-11-10T11:35:00Z,China PR,0,2,Serbia
300332101,FIFA World Cup 2018 Qualifiers - Europe,2017-03-24T19:45:00Z,Spain,4,1,Israel
300332064,FIFA World Cup 2018 Qualifiers - Europe,2017-06-11T18:45:00Z,FYR Macedonia,1,2,Spain
300332090,FIFA World Cup 2018 Qualifiers - Europe,2017-09-02T18:45:00Z,Spain,3,0,Italy
300332088,FIFA World Cup 2018 Qualifiers - Europe,2017-09-05T18:45:00Z,Liechtenstein,0,8,Spain
300332078,FIFA World Cup 2018 Qualifiers - Europe,2017-10-06T18:45:00Z,Spain,3,0,Albania
300332094,FIFA World Cup 2018 Qualifiers - Europe,2017-10-09T18:45:00Z,Israel,0,1,Spain
300331896,FIFA World Cup 2018 Qualifiers - Europe,2017-03-25T17:00:00Z,Sweden,4,0,Belarus
300331891,FIFA World Cup 2018 Qualifiers - Europe,2017-08-31T18:45:00Z,Bulgaria,3,2,Sweden
300331892,FIFA World Cup 2018 Qualifiers - Europe,2017-09-03T16:00:00Z,Belarus,0,4,Sweden
300331901,FIFA World Cup 2018 Qualifiers - Europe,2017-10-07T17:00:00Z,Sweden,8,0,Luxembourg
300331900,FIFA World Cup 2018 Qualifiers - Europe,2017-10-10T18:45:00Z,Netherlands,2,0,Sweden
300417856,FIFA World Cup 2018 Qualifiers - Europe,2017-11-10T19:45:00Z,Sweden,1,0,Italy
300417855,FIFA World Cup 2018 Qualifiers - Europe,2017-11-13T19:45:00Z,Italy,0,0,Sweden
300390085,Friendlies,2017-06-13T17:45:00Z,Norway,1,1,Sweden
300431276,Friendlies,2018-03-24T17:00:00Z,Sweden,1,2,Chile
300434095,Friendlies,2018-03-27T20:30:00Z,Romania,1,0,Sweden
300380799,Friendlies,2017-06-01T20:45:00Z,Switzerland,1,0,Belarus
300331924,FIFA World Cup 2018 Qualifiers - Europe,2017-03-25T17:00:00Z,Switzerland,1,0,Latvia
300331936,FIFA World Cup 2018 Qualifiers - Europe,2017-06-09T18:45:00Z,Faroe Islands,0,2,Switzerland
300331931,FIFA World Cup 2018 Qualifiers - Europe,2017-08-31T18:45:00Z,Switzerland,3,0,Andorra
300331943,FIFA World Cup 2018 Qualifiers - Europe,2017-09-03T18:45:00Z,Latvia,0,3,Switzerland
300331920,FIFA World Cup 2018 Qualifiers - Europe,2017-10-07T19:45:00Z,Switzerland,5,2,Hungary
300417854,FIFA World Cup 2018 Qualifiers - Europe,2017-11-09T19:45:00Z,Northern Ireland,0,1,Switzerland
300417850,FIFA World Cup 2018 Qualifiers - Europe,2017-11-12T17:00:00Z,Switzerland,0,0,Northern Ireland
300426623,Friendlies,2018-03-23T18:00:00Z,Greece,0,1,Switzerland
300379274,Friendlies,2017-01-04T13:30:00Z,Tunisia,2,0,Uganda
300390351,Friendlies,2017-03-24T18:00:00Z,Tunisia,0,1,Cameroon
300367097,FIFA World Cup 2018 Qualifiers - Africa,2017-09-01T20:00:00Z,Tunisia,2,1,Congo DR
300367103,FIFA World Cup 2018 Qualifiers - Africa,2017-09-05T17:30:00Z,Congo DR,2,2,Tunisia
300367091,FIFA World Cup 2018 Qualifiers - Africa,2017-10-07T17:00:00Z,Guinea,1,4,Tunisia
300367100,FIFA World Cup 2018 Qualifiers - Africa,2017-11-11T17:30:00Z,Tunisia,0,0,Libya
300377373,Africa Cup of Nations 2017,2017-01-19T16:00:00Z,Algeria,1,2,Tunisia
300377370,Africa Cup of Nations 2017,2017-01-23T19:00:00Z,Zimbabwe,2,4,Tunisia
300385912,Africa Cup of Nations 2017,2017-01-28T16:00:00Z,Burkina Faso,2,0,Tunisia
300377321,Friendlies,2017-06-04T17:00:00Z,Republic of Ireland,3,1,Uruguay
300380265,Friendlies,2017-06-07T18:45:00Z,Italy,3,0,Uruguay
300418487,Friendlies,2017-11-14T18:45:00Z,Austria,2,1,Uruguay
300362090,FIFA World Cup 2018 Qualifiers - South America,2017-09-05T23:00:00Z,Paraguay,1,2,Uruguay
300362097,FIFA World Cup 2018 Qualifiers - South America,2017-10-05T21:00:00Z,Venezuela,0,0,Uruguay
300362080,FIFA World Cup 2018 Qualifiers - South America,2017-10-10T23:30:00Z,Uruguay,4,2,Bolivia
300419863,Friendlies,2018-03-23T11:35:00Z,Uruguay,2,0,Czech Republic
300436464,Friendlies,2018-03-26T11:35:00Z,Wales,0,1,Uruguay